date	topic	english
queue-001	입국심사	I'm here for vacation.
queue-001	입국심사	I'm staying at a hotel in Manhattan.
queue-001	입국심사	It's just clothes and personal items.
queue-001	입국심사	I'm here for ~
queue-001	입국심사	Do I need to ~ ?
queue-002	공항·수하물	My bag didn't come out.
queue-002	공항·수하물	Where can I find the shuttle to the rental car center?
queue-002	공항·수하물	Is this the line for security?
queue-002	공항·수하물	Where can I find ~ ?
queue-002	공항·수하물	Is this the right ~ ?
queue-003	호텔 체크인과 체크아웃	I have a reservation under Nam.
queue-003	호텔 체크인과 체크아웃	What time is check-out?
queue-003	호텔 체크인과 체크아웃	Can I leave my luggage here until my room is ready?
queue-003	호텔 체크인과 체크아웃	I have a reservation under ~
queue-003	호텔 체크인과 체크아웃	Could you ~ ?
queue-004	레스토랑 주문	Two, please.
queue-004	레스토랑 주문	I'll have the salmon.
queue-004	레스토랑 주문	Could we get the check, please?
queue-004	레스토랑 주문	I'll have ~
queue-004	레스토랑 주문	Could we get ~ ?
queue-005	카페와 패스트푸드	Can I get a medium iced latte?
queue-005	카페와 패스트푸드	For here or to go?
queue-005	카페와 패스트푸드	Is this seat taken?
queue-005	카페와 패스트푸드	Can I get ~ ?
queue-005	카페와 패스트푸드	~ , please
queue-006	결제와 팁	Do you take Apple Pay?
queue-006	결제와 팁	Can we split the bill?
queue-006	결제와 팁	Is the tip included?
queue-006	결제와 팁	Do you take ~ ?
queue-006	결제와 팁	Is ~ included?
queue-007	택시와 우버	Can you take me to this address?
queue-007	택시와 우버	I'm at the pickup area by door 3.
queue-007	택시와 우버	Can you drop me off at the corner?
queue-007	택시와 우버	Can you take me to ~ ?
queue-007	택시와 우버	I'm at ~
queue-008	지하철·버스·기차	Does this train go to Times Square?
queue-008	지하철·버스·기차	How many stops to Union Station?
queue-008	지하철·버스·기차	Where do I transfer for the blue line?
queue-008	지하철·버스·기차	Does this ~ go to ... ?
queue-008	지하철·버스·기차	How many ~ to ... ?
queue-009	렌터카와 주유소	I'd like to add insurance.
queue-009	렌터카와 주유소	Is it self-serve?
queue-009	렌터카와 주유소	Fill it up with regular, please.
queue-009	렌터카와 주유소	I'd like to ~
queue-009	렌터카와 주유소	Is it ~ ?
queue-010	쇼핑과 사이즈 문의	Do you have this in a medium?
queue-010	쇼핑과 사이즈 문의	Can I try this on?
queue-010	쇼핑과 사이즈 문의	I'm just looking, thanks.
queue-010	쇼핑과 사이즈 문의	Do you have this in ~ ?
queue-010	쇼핑과 사이즈 문의	Can I ~ ?
queue-011	반품과 교환	I'd like to return this.
queue-011	반품과 교환	Can I exchange this for a bigger size?
queue-011	반품과 교환	It doesn't fit.
queue-011	반품과 교환	Can I exchange this for ~ ?
queue-011	반품과 교환	It doesn't ~
queue-012	길 묻기	How do I get to Central Park from here?
queue-012	길 묻기	Is it within walking distance?
queue-012	길 묻기	Sorry, I didn't catch that.
queue-012	길 묻기	How do I get to ~ ?
queue-012	길 묻기	Could you say that again ~ ?
queue-013	약국과 병원	Do you have something for a headache?
queue-013	약국과 병원	I have a sore throat and a fever.
queue-013	약국과 병원	Is this covered by travel insurance?
queue-013	약국과 병원	Do you have something for ~ ?
queue-013	약국과 병원	I have ~
queue-014	분실·도난 신고	I lost my passport.
queue-014	분실·도난 신고	My wallet was stolen.
queue-014	분실·도난 신고	Can I get a copy of the report?
queue-014	분실·도난 신고	I lost my ~
queue-014	분실·도난 신고	My ~ was stolen
queue-015	가벼운 스몰토크	How's it going?
queue-015	가벼운 스몰토크	I'm visiting from Korea.
queue-015	가벼운 스몰토크	Any recommendations around here?
queue-015	가벼운 스몰토크	I'm visiting from ~
queue-015	가벼운 스몰토크	Any ~ around here?
queue-016	호텔 불편 사항 요청	The air conditioning isn't working.
queue-016	호텔 불편 사항 요청	Could I get some extra towels?
queue-016	호텔 불편 사항 요청	Is it possible to change rooms?
queue-016	호텔 불편 사항 요청	The ~ isn't working
queue-016	호텔 불편 사항 요청	Is it possible to ~ ?
queue-017	관광지 티켓과 예약	Two adults, please.
queue-017	관광지 티켓과 예약	Do I need to book in advance?
queue-017	관광지 티켓과 예약	What time do you close?
queue-017	관광지 티켓과 예약	Do I need to ~ in advance?
queue-017	관광지 티켓과 예약	What time do you ~ ?
queue-018	통신과 와이파이	What's the Wi-Fi password?
queue-018	통신과 와이파이	Is there a data plan for tourists?
queue-018	통신과 와이파이	My phone isn't connecting.
queue-018	통신과 와이파이	What's the ~ ?
queue-018	통신과 와이파이	Is there ~ ?
queue-019	국내선 환승	Do I need to pick up my bags for the connection?
queue-019	국내선 환승	My connection is tight. Can I go ahead?
queue-019	국내선 환승	Which terminal is my next flight?
queue-019	국내선 환승	Do I need to ~ for ... ?
queue-019	국내선 환승	Which ~ is ... ?
queue-020	매너 표현과 거절하기	No, thank you. I'm all set.
queue-020	매너 표현과 거절하기	Excuse me, sorry — coming through.
queue-020	매너 표현과 거절하기	I appreciate it.
queue-020	매너 표현과 거절하기	I'm all set
queue-020	매너 표현과 거절하기	Would you mind if I ~ ?
queue-021	입국심사 (2회차)	About ten days.
queue-021	입국심사 (2회차)	My return flight is on the 15th.
queue-021	입국심사 (2회차)	I'm traveling with my family.
queue-021	입국심사 (2회차)	About ~
queue-021	입국심사 (2회차)	I'm traveling with ~
queue-022	공항·수하물 (2회차)	I'd like to check one bag.
queue-022	공항·수하물 (2회차)	Is my flight on time?
queue-022	공항·수하물 (2회차)	Can I get an aisle seat?
queue-022	공항·수하물 (2회차)	I'd like to check ~
queue-023	호텔 체크인과 체크아웃 (2회차)	Can I get a wake-up call at six?
queue-023	호텔 체크인과 체크아웃 (2회차)	Is there a shuttle to the airport?
queue-023	호텔 체크인과 체크아웃 (2회차)	I'm checking out.
queue-023	호텔 체크인과 체크아웃 (2회차)	Can I get a ~ at ... ?
queue-023	호텔 체크인과 체크아웃 (2회차)	I'm ~ing
queue-024	레스토랑 주문 (2회차)	What do you recommend?
queue-024	레스토랑 주문 (2회차)	Can I get that on the side?
queue-024	레스토랑 주문 (2회차)	Could you box this up?
queue-024	레스토랑 주문 (2회차)	What do you recommend ~ ?
queue-024	레스토랑 주문 (2회차)	Could you ~ this ... ?
queue-025	카페와 패스트푸드 (2회차)	Is that for here?
queue-025	카페와 패스트푸드 (2회차)	Room for cream, please.
queue-025	카페와 패스트푸드 (2회차)	Can you make it iced?
queue-025	카페와 패스트푸드 (2회차)	Room for ~
queue-025	카페와 패스트푸드 (2회차)	Can you make it ~ ?
queue-026	결제와 팁 (2회차)	Can I get a receipt?
queue-026	결제와 팁 (2회차)	I'll leave the tip in cash.
queue-026	결제와 팁 (2회차)	There's a mistake on the bill.
queue-026	결제와 팁 (2회차)	There's a ~ on the ...
queue-027	택시와 우버 (2회차)	How long will it take?
queue-027	택시와 우버 (2회차)	Could you turn on the meter?
queue-027	택시와 우버 (2회차)	This is fine, thanks.
queue-027	택시와 우버 (2회차)	How long will it take to ~ ?
queue-027	택시와 우버 (2회차)	This is ~
queue-028	지하철·버스·기차 (2회차)	Where can I buy a metro card?
queue-028	지하철·버스·기차 (2회차)	Does this stop at the airport?
queue-028	지하철·버스·기차 (2회차)	I think I'm going the wrong way.
queue-028	지하철·버스·기차 (2회차)	Where can I buy ~ ?
queue-028	지하철·버스·기차 (2회차)	I think I'm ~
queue-029	렌터카와 주유소 (2회차)	Where do I return the car?
queue-029	렌터카와 주유소 (2회차)	Do I need to fill it up before returning?
queue-029	렌터카와 주유소 (2회차)	There's a scratch on the door already.
queue-029	렌터카와 주유소 (2회차)	Where do I ~ ?
queue-030	쇼핑과 사이즈 문의 (2회차)	Is this on sale?
queue-030	쇼핑과 사이즈 문의 (2회차)	Do you have a bigger one in the back?
queue-030	쇼핑과 사이즈 문의 (2회차)	I'll think about it.
queue-030	쇼핑과 사이즈 문의 (2회차)	Is this ~ ?
queue-030	쇼핑과 사이즈 문의 (2회차)	I'll ~
queue-031	반품과 교환 (2회차)	Do I need the receipt?
queue-031	반품과 교환 (2회차)	Can I get a refund instead?
queue-031	반품과 교환 (2회차)	I haven't worn it. The tags are still on.
queue-031	반품과 교환 (2회차)	What's your ~ policy?
queue-031	반품과 교환 (2회차)	I bought this ~
queue-032	길 묻기 (2회차)	Is it this way?
queue-032	길 묻기 (2회차)	Could you show me on the map?
queue-032	길 묻기 (2회차)	I'm a little lost.
queue-032	길 묻기 (2회차)	Which way is ~ ?
queue-032	길 묻기 (2회차)	Is it past ~ ?
queue-033	약국과 병원 (2회차)	Do I need a prescription for this?
queue-033	약국과 병원 (2회차)	How often should I take it?
queue-033	약국과 병원 (2회차)	I'm allergic to penicillin.
queue-033	약국과 병원 (2회차)	Is this safe for ~ ?
queue-033	약국과 병원 (2회차)	It hurts when I ~
queue-034	분실·도난 신고 (2회차)	I left my bag on the bus.
queue-034	분실·도난 신고 (2회차)	Is there a lost and found?
queue-034	분실·도난 신고 (2회차)	I need to cancel my card.
queue-034	분실·도난 신고 (2회차)	I think I left it ~
queue-034	분실·도난 신고 (2회차)	Has anyone turned in ~ ?
queue-035	가벼운 스몰토크 (2회차)	Not bad. How about you?
queue-035	가벼운 스몰토크 (2회차)	Where are you from?
queue-035	가벼운 스몰토크 (2회차)	Have a good one!
queue-035	가벼운 스몰토크 (2회차)	How do you like ~ ?
queue-035	가벼운 스몰토크 (2회차)	Have you been to ~ ?
queue-036	호텔 불편 사항 요청 (2회차)	It's too noisy next door.
queue-036	호텔 불편 사항 요청 (2회차)	There's no hot water.
queue-036	호텔 불편 사항 요청 (2회차)	The toilet is clogged.
queue-036	호텔 불편 사항 요청 (2회차)	Could someone come ~ ?
queue-036	호텔 불편 사항 요청 (2회차)	We're out of ~
queue-037	관광지 티켓과 예약 (2회차)	Is there a student discount?
queue-037	관광지 티켓과 예약 (2회차)	Can I get in with this QR code?
queue-037	관광지 티켓과 예약 (2회차)	How long is the tour?
queue-037	관광지 티켓과 예약 (2회차)	Are there any tickets left for ~ ?
queue-037	관광지 티켓과 예약 (2회차)	Where does the ~ start?
queue-038	통신과 와이파이 (2회차)	Can I charge my phone here?
queue-038	통신과 와이파이 (2회차)	The Wi-Fi keeps dropping.
queue-038	통신과 와이파이 (2회차)	Do you have a charger I could borrow?
queue-038	통신과 와이파이 (2회차)	It keeps ~ing
queue-038	통신과 와이파이 (2회차)	Do you have a ~ I could borrow?
queue-039	국내선 환승 (2회차)	I missed my connecting flight.
queue-039	국내선 환승 (2회차)	Is there an earlier flight?
queue-039	국내선 환승 (2회차)	Where's gate B12?
queue-039	국내선 환승 (2회차)	Can you put me on ~ ?
queue-039	국내선 환승 (2회차)	Will my bags ~ ?
queue-040	매너 표현과 거절하기 (2회차)	Sorry, go ahead.
queue-040	매너 표현과 거절하기 (2회차)	My bad.
queue-040	매너 표현과 거절하기 (2회차)	Maybe next time.
queue-040	매너 표현과 거절하기 (2회차)	Sorry about ~
queue-040	매너 표현과 거절하기 (2회차)	Thanks for ~
queue-041	입국심사 (3회차)	This is my first time in the US.
queue-041	입국심사 (3회차)	I'm going to visit my cousin in LA.
queue-041	입국심사 (3회차)	Here's my ESTA confirmation.
queue-041	입국심사 (3회차)	I'm going to ~
queue-041	입국심사 (3회차)	Here's my ~
queue-042	공항·수하물 (3회차)	My suitcase is damaged.
queue-042	공항·수하물 (3회차)	Can I bring this on the plane?
queue-042	공항·수하물 (3회차)	Where's baggage claim?
queue-042	공항·수하물 (3회차)	Can I bring ~ ?
queue-042	공항·수하물 (3회차)	I'm flying to ~
queue-043	호텔 체크인과 체크아웃 (3회차)	Can I check in early?
queue-043	호텔 체크인과 체크아웃 (3회차)	Is there a resort fee?
queue-043	호텔 체크인과 체크아웃 (3회차)	Where can I park?
queue-043	호텔 체크인과 체크아웃 (3회차)	Is there a ~ fee?
queue-043	호텔 체크인과 체크아웃 (3회차)	How much is it per ~ ?
queue-044	레스토랑 주문 (3회차)	Can we sit outside?
queue-044	레스토랑 주문 (3회차)	Medium rare, please.
queue-044	레스토랑 주문 (3회차)	Does this have nuts in it?
queue-044	레스토랑 주문 (3회차)	Can we sit ~ ?
queue-044	레스토랑 주문 (3회차)	Does this come with ~ ?
queue-045	카페와 패스트푸드 (3회차)	Do you have oat milk?
queue-045	카페와 패스트푸드 (3회차)	Are refills free?
queue-045	카페와 패스트푸드 (3회차)	Hold the onions.
queue-045	카페와 패스트푸드 (3회차)	Hold the ~
queue-045	카페와 패스트푸드 (3회차)	What comes on ~ ?
queue-046	결제와 팁 (3회차)	Is there a minimum for cards?
queue-046	결제와 팁 (3회차)	Keep the change.
queue-046	결제와 팁 (3회차)	It's on me.
queue-046	결제와 팁 (3회차)	Can you break ~ ?
queue-046	결제와 팁 (3회차)	~ is on me
queue-047	택시와 우버 (3회차)	Can you pop the trunk?
queue-047	택시와 우버 (3회차)	I think you missed the turn.
queue-047	택시와 우버 (3회차)	Are you Mike?
queue-047	택시와 우버 (3회차)	Could you pull over ~ ?
queue-047	택시와 우버 (3회차)	Can you turn ~ ?
queue-048	지하철·버스·기차 (3회차)	Which platform for Boston?
queue-048	지하철·버스·기차 (3회차)	Can I just tap my card?
queue-048	지하철·버스·기차 (3회차)	Is this the express or the local?
queue-048	지하철·버스·기차 (3회차)	Which ~ for ... ?
queue-048	지하철·버스·기차 (3회차)	When's the next ~ ?
queue-049	렌터카와 주유소 (3회차)	Can I add another driver?
queue-049	렌터카와 주유소 (3회차)	The pump isn't taking my card.
queue-049	렌터카와 주유소 (3회차)	Does it have unlimited mileage?
queue-049	렌터카와 주유소 (3회차)	Can I add ~ ?
queue-049	렌터카와 주유소 (3회차)	~ on pump ...
queue-050	쇼핑과 사이즈 문의 (3회차)	Where are the fitting rooms?
queue-050	쇼핑과 사이즈 문의 (3회차)	Does this run small?
queue-050	쇼핑과 사이즈 문의 (3회차)	Can you hold this for me?
queue-050	쇼핑과 사이즈 문의 (3회차)	Does this run ~ ?
queue-050	쇼핑과 사이즈 문의 (3회차)	What size is ~ ?
queue-051	반품과 교환 (3회차)	It was a gift.
queue-051	반품과 교환 (3회차)	It's defective.
queue-051	반품과 교환 (3회차)	Store credit is fine.
queue-051	반품과 교환 (3회차)	It stopped ~ing
queue-051	반품과 교환 (3회차)	Can I return this ~ ?
queue-052	길 묻기 (3회차)	Is it on this side of the street?
queue-052	길 묻기 (3회차)	What's this street called?
queue-052	길 묻기 (3회차)	Is it safe to walk there at night?
queue-052	길 묻기 (3회차)	Is it on ~ ?
queue-052	길 묻기 (3회차)	Is it safe to ~ ?
queue-053	약국과 병원 (3회차)	Where's the nearest urgent care?
queue-053	약국과 병원 (3회차)	I think I sprained my ankle.
queue-053	약국과 병원 (3회차)	I've had it for two days.
queue-053	약국과 병원 (3회차)	I've had ~ for ...
queue-053	약국과 병원 (3회차)	Where's the nearest ~ ?
queue-054	분실·도난 신고 (3회차)	I locked myself out of my room.
queue-054	분실·도난 신고 (3회차)	Can you check the security camera?
queue-054	분실·도난 신고 (3회차)	What should I do?
queue-054	분실·도난 신고 (3회차)	I locked my ~ in the ...
queue-054	분실·도난 신고 (3회차)	Who should I ~ ?
queue-055	가벼운 스몰토크 (3회차)	Nice weather today, huh?
queue-055	가벼운 스몰토크 (3회차)	I love your jacket.
queue-055	가벼운 스몰토크 (3회차)	What do you do?
queue-055	가벼운 스몰토크 (3회차)	I love your ~
queue-055	가벼운 스몰토크 (3회차)	~, huh?
queue-056	호텔 불편 사항 요청 (3회차)	The room smells like smoke.
queue-056	호텔 불편 사항 요청 (3회차)	Housekeeping didn't come today.
queue-056	호텔 불편 사항 요청 (3회차)	The heater is making a weird noise.
queue-056	호텔 불편 사항 요청 (3회차)	It smells like ~
queue-056	호텔 불편 사항 요청 (3회차)	The ~ is making a ... noise
queue-057	관광지 티켓과 예약 (3회차)	Is photography allowed?
queue-057	관광지 티켓과 예약 (3회차)	Do you have an audio guide in Korean?
queue-057	관광지 티켓과 예약 (3회차)	Can I re-enter with this ticket?
queue-057	관광지 티켓과 예약 (3회차)	Is/Are ~ allowed?
queue-057	관광지 티켓과 예약 (3회차)	Do you have ~ in Korean?
queue-058	통신과 와이파이 (3회차)	Do you sell SIM cards?
queue-058	통신과 와이파이 (3회차)	I can't get a signal.
queue-058	통신과 와이파이 (3회차)	Can you hear me now?
queue-058	통신과 와이파이 (3회차)	I can't ~
queue-058	통신과 와이파이 (3회차)	Do you sell ~ ?
queue-059	국내선 환승 (3회차)	My flight got canceled.
queue-059	국내선 환승 (3회차)	Can I get a hotel voucher?
queue-059	국내선 환승 (3회차)	How long is the layover?
queue-059	국내선 환승 (3회차)	My flight got ~
queue-059	국내선 환승 (3회차)	Is there somewhere I can ~ ?
queue-060	매너 표현과 거절하기 (3회차)	Sorry to bother you.
queue-060	매너 표현과 거절하기 (3회차)	That's very kind of you, but I'm okay.
queue-060	매너 표현과 거절하기 (3회차)	No worries.
queue-060	매너 표현과 거절하기 (3회차)	Sorry to ~
queue-060	매너 표현과 거절하기 (3회차)	I'd love to, but ~
